{
  "Chapter_1": 0.7881,
  "Chapter_2": 0.5548405405405405,
  "Chapter_3": 0.23379534883720932,
  "Chapter_4": 0.013165624999999992,
  "Chapter_5": 0.017251162790697668,
  "Chapter_6": 0.40960588235294115,
  "Chapter_7": 0.21546363636363636,
  "Chapter_8": -0.2582,
  "Chapter_9": -0.0011833333333333418,
  "Chapter_10": -0.21403529411764707,
  "Chapter_11": 0.24047105263157895,
  "Chapter_12": -0.13391538461538458,
  "Chapter_13": 0.353578125,
  "Chapter_14": -0.24337999999999999,
  "Chapter_15": 0.03576399999999999,
  "Chapter_16": -0.02238709677419356,
  "Chapter_17": -0.16360882352941175,
  "Chapter_18": 0.02655555555555554,
  "Chapter_19": -0.10814705882352942
}