{
  "chapter 1": -0.23246000000000003,
  "chapter 2": 0.0029750000000000054,
  "chapter 3": 0.14054545454545453,
  "chapter 4": 0.0869,
  "chapter 5": 0.06592
}