{
  "Volume 1,  Chapter 0 (Letters)": 0.4043297297297297,
  "Volume 1,  Chapter 1": 0.4813933333333333,
  "Volume 1,  Chapter 2": 0.12324666666666667,
  "Volume 1,  Chapter 3": 0.38925,
  "Volume 1,  Chapter 4": -0.10466000000000002,
  "Volume 1,  Chapter 5": 0.6230875,
  "Volume 1,  Chapter 6": -0.20214615384615384,
  "Volume 1,  Chapter 7": -0.39923999999999993,
  "Volume 2,  Chapter 1": -0.3564666666666667,
  "Volume 2,  Chapter 2": -0.36096666666666666,
  "Volume 2,  Chapter 3": -0.0258,
  "Volume 2,  Chapter 4": 0.04765,
  "Volume 2,  Chapter 5": 0.5731142857142857,
  "Volume 2,  Chapter 6": -0.8564499999999999,
  "Volume 2,  Chapter 7": -0.13504,
  "Volume 3,  Chapter 1": 0.5964230769230768,
  "Volume 3,  Chapter 2": 0.24578888888888895,
  "Volume 3,  Chapter 3": -0.41269374999999997,
  "Volume 3,  Chapter 4": -0.44944,
  "Volume 3,  Chapter 5": 0.3508294117647059,
  "Volume 3,  Chapter 6": -0.49043333333333333,
  "Volume 3,  Chapter 7": -0.15001081081081083
}