{
  "1": 0.6791717171717172,
  "2": 0.7674599358974359,
  "3": 0.7699142857142857,
  "4": 0.8245256613756613,
  "5": 0.8146876262626263,
  "6": 0.7761630952380952,
  "7": 0.7099225,
  "8": 0.7579575757575757,
  "9": 0.8646880952380952,
  "10": 0.8502857142857143,
  "11": 0.796,
  "12": 0.7415,
  "13": 0.7713333333333333,
  "14": 0.7841111111111111,
  "15": 0.7190000000000001,
  "16": 0.6626666666666667,
  "17": 0.7344500000000002,
  "18": 0.7795,
  "19": 0.7490000000000001,
  "20": 0.7468666666666668,
  "21": 0.7112499999999999,
  "22": 0.8704166666666667,
  "24": 0.77025,
  "25": 0.7016666666666667,
  "26": 0.546,
  "28": 0.6865833333333333,
  "29": 0.8710444444444444,
  "31": 0.796,
  "33": 0.7536666666666667,
  "34": 0.8594071428571427,
  "35": 0.861,
  "36": 1.6760000000000002,
  "37": 0.6636666666666666,
  "38": 0.9809166666666667,
  "39": 0.573,
  "40": 0.879,
  "41": 0.783,
  "42": 0.84775,
  "43": 1.0122499999999999,
  "45": 0.7364999999999999,
  "46": 0.6309999999999999,
  "47": 0.8092666666666666,
  "48": 0.661,
  "50": 0.6937,
  "51": 0.7135,
  "52": 0.5687500000000001,
  "53": 0.745,
  "54": 0.6779999999999999,
  "55": 0.9091666666666667,
  "57": 0.663,
  "59": 0.775,
  "60": 0.7635000000000001,
  "61": 0.7648333333333334,
  "62": 0.8709791666666666,
  "63": 0.7311666666666666,
  "64": 0.796,
  "65": 0.7916000000000001,
  "66": 0.7580187500000001,
  "67": 0.73225625,
  "68": 0.8452,
  "69": 0.8744999999999998,
  "70": 0.7723333333333332,
  "71": 0.71475,
  "72": 0.9278714285714286,
  "73": 0.6895,
  "74": 0.71425,
  "75": 1.0652416666666669,
  "76": 0.812,
  "77": 0.8700892857142857,
  "78": 1.0289722222222222,
  "79": 0.728,
  "80": 0.8452,
  "81": 0.8836691176470588
}
