{
  "1": 0.8558625152625152,
  "2": 0.8873526785714286,
  "3": 0.7979399659863945,
  "4": 0.8879866848759705,
  "5": 0.9784127450980394,
  "6": 0.8776972222222222,
  "7": 0.8223848484848485
}
