{
  "chapter 1": 0.036000000000000004,
  "chapter 2": -0.5250666666666667,
  "chapter 3": -0.4546181818181818,
  "chapter 4": 0.08046666666666664
}