{"Chapter_1": 0.13736890447987385, "Chapter_2": 0.1373305837680838, "Chapter_3": 0.03544553332696715, "Chapter_4": 0.006243796526054589, "Chapter_5": -0.016576508817484747, "Chapter_6": 0.010345343962924894, "Chapter_7": 0.11263920875420874, "Chapter_8": 0.06055814893680153, "Chapter_9": 0.008001564945226915, "Chapter_10": 0.09652099771780623, "Chapter_11": 0.0562824235385211, "Chapter_12": 0.026813902093705336, "Chapter_13": 0.0046943045380545365, "Chapter_14": 0.029138708358507008, "Chapter_15": -0.005471279037376156, "Chapter_16": 0.010574478248089346, "Chapter_17": 0.038924586911267225, "Chapter_18": 0.02926044910255437, "Chapter_19": 0.04783323158323159, "Chapter_20": 0.027776188758331613, "Chapter_21": 0.08672249181523375, "Chapter_22": 0.018479127884865585, "Chapter_23": 0.028823099415204678, "Chapter_24": 0.10267634217634222, "Chapter_25": 0.08587898099786685}